{
    "cnn_only": {
        "accuracy": 0.999194976654323,
        "precision": 0.9992827685135377,
        "recall": 0.9998205956225332,
        "f1_score": 0.9995516097211012,
        "roc_auc": 0.9999916740315402,
        "eer": 0.0007736989802959145,
        "tn_fp_fn_tp": [
            2532,
            16,
            4,
            22292
        ]
    },
    "rf_only": {
        "accuracy": 0.91994042827242,
        "precision": 0.9235389813540232,
        "recall": 0.9930032292787944,
        "f1_score": 0.9570122544252091,
        "roc_auc": 0.9235092661516042,
        "eer": 0.153332548967256,
        "tn_fp_fn_tp": [
            715,
            1833,
            156,
            22140
        ]
    },
    "fusion_70_30": {
        "accuracy": 0.9991547254870391,
        "precision": 0.9991932230738201,
        "recall": 0.9998654467168999,
        "f1_score": 0.9995292218710068,
        "roc_auc": 0.9998415073572692,
        "eer": 0.0027640102989941514,
        "tn_fp_fn_tp": [
            2530,
            18,
            3,
            22293
        ]
    },
    "fusion_50_50": {
        "accuracy": 0.9981484463049428,
        "precision": 0.9980302623332438,
        "recall": 0.9999102978112666,
        "f1_score": 0.9989693955280727,
        "roc_auc": 0.9997898969143012,
        "eer": 0.0034928581849233723,
        "tn_fp_fn_tp": [
            2504,
            44,
            2,
            22294
        ]
    },
    "fusion_80_20": {
        "accuracy": 0.9992352278216068,
        "precision": 0.9992828006634094,
        "recall": 0.9998654467168999,
        "f1_score": 0.9995740387848896,
        "roc_auc": 0.9998725581149078,
        "eer": 0.0023659480352544926,
        "tn_fp_fn_tp": [
            2532,
            16,
            3,
            22293
        ]
    }
}